{
  "project_info": {
    "project_number": "149052532441",
    "firebase_url": "https://lostnfoundv1.firebaseio.com",
    "project_id": "lostnfoundv1",
    "storage_bucket": "lostnfoundv1.appspot.com"
  },
  "client": [
    {
      "client_info": {
        "mobilesdk_app_id": "1:149052532441:android:95a7b9d3cf170632fe00c8",
        "android_client_info": {
          "package_name": "com.example.lostnfound_v1"
        }
      },
      "oauth_client": [
        {
          "client_id": "149052532441-vpiop72sl43pi3klhl3581pqlgiqrcdm.apps.googleusercontent.com",
          "client_type": 1,
          "android_info": {
            "package_name": "com.example.lostnfound_v1",
            "certificate_hash": "a7654745b2d1fa0112f15beb0b9b879b8dd2e5e5"
          }
        },
        {
          "client_id": "149052532441-jb9dapk85h8n9khq646s38ppnvcuku0q.apps.googleusercontent.com",
          "client_type": 3
        }
      ],
      "api_key": [
        {
          "current_key": "AIzaSyCHFOeRIsig3PV8PWE7J18ZHBWxHP5T0RM"
        }
      ],
      "services": {
        "appinvite_service": {
          "other_platform_oauth_client": [
            {
              "client_id": "149052532441-jb9dapk85h8n9khq646s38ppnvcuku0q.apps.googleusercontent.com",
              "client_type": 3
            }
          ]
        }
      }
    }
  ],
  "configuration_version": "1"
}